<?xml version='1.0' encoding='utf-8' standalone='yes' ?>
<map>
    <long name="RefreshMetadataSyncTTLMillis" value="1755938070545" />
    <long name="com.amazon.communication.remotesetting.pref.LAST_SUCCESSFUL_SYNC" value="1755333266502" />
    <boolean name="firstAppStartWithUser" value="false" />
    <boolean name="shouldDownloadToSDCard" value="false" />
    <long name="LastLicenseMarkSyncMillis" value="1755347670118" />
    <long name="SyncPlayerSdkDownloadMillis" value="1755347670545" />
    <long name="com.amazon.communication.remotesetting.pref.LAST_SYNC_ATTEMPT" value="1755333266502" />
    <long name="LastImagesDownloadSyncMillis" value="1755347670545" />
</map>
