<?xml version='1.0' encoding='utf-8' standalone='yes' ?>
<map>
    <long name="DownloadDisplayMessageMillis" value="1754337635104" />
    <boolean name="firstAppStartWithUser" value="false" />
    <boolean name="shouldDownloadToSDCard" value="false" />
    <long name="LastLicenseMarkSyncMillis" value="1755293452370" />
    <boolean name="firstAppStartWithoutUser" value="false" />
    <long name="SyncPlayerSdkDownloadMillis" value="1755293452809" />
    <long name="RetryDisabledDownloadSyncMillis" value="1754337635104" />
    <long name="SyncPlayerSdkErrorStateMillis" value="1754337635104" />
    <boolean name="shouldSubscribeToAllTopics" value="false" />
    <long name="LastLicenseSyncMillis" value="1754337635102" />
    <boolean name="bg_startup_tracing" value="false" />
    <long name="RefreshMetadataSyncTTLMillis" value="1755883852808" />
    <long name="QueueDownloadSyncMills" value="1754337635104" />
    <long name="com.amazon.communication.remotesetting.pref.LAST_SUCCESSFUL_SYNC" value="1755279048647" />
    <string name="PN_customer_vcr">GB</string>
    <long name="DeleteDownloadSyncMillis" value="1754337635104" />
    <int name="com.encdata.missl.classes.originalInstallVersionCode" value="383000345" />
    <string name="PN_subscription_prefs">[{&quot;topic&quot;:&quot;AIV_video_in_library&quot;,&quot;isSubscribed&quot;:false},{&quot;topic&quot;:&quot;AIV_video_recommendations&quot;,&quot;isSubscribed&quot;:false},{&quot;topic&quot;:&quot;AIV_new_feature&quot;,&quot;isSubscribed&quot;:false},{&quot;topic&quot;:&quot;AIV_offer&quot;,&quot;isSubscribed&quot;:false}]</string>
    <long name="com.encdata.missl.classes.cloneTimestamp" value="1754337710753" />
    <long name="LastLicenseRepairMillis" value="1754337635104" />
    <long name="DisabledDownloadSyncMillis" value="1754337635104" />
    <long name="com.amazon.communication.remotesetting.pref.LAST_SYNC_ATTEMPT" value="1755279048647" />
    <string name="PN_customer_id">amzn1.account.AHXOCF3KTDCQ3OHRDNPFP2G2DNGQ</string>
    <long name="LastImagesDownloadSyncMillis" value="1755293452809" />
</map>
